{
  "pattern_type": "chessboard",
  "chessboard_inner_corners": [
    15,
    10
  ],
  "square_size_mm": 50.0,
  "image_size": {
    "width": 1280,
    "height": 720
  },
  "rms": 0.45776374263618386,
  "reprojection_error": 0.4577637041139201,
  "camera_matrix": [
    [
      678.0017699741052,
      0.0,
      640.6334741251226
    ],
    [
      0.0,
      679.029134596658,
      378.85654498408053
    ],
    [
      0.0,
      0.0,
      1.0
    ]
  ],
  "dist_coeffs": [
    [
      0.06662865437384466,
      -0.08434415112036191,
      -0.00012529746835614146,
      0.0005251928061625506,
      -0.03483403937984791
    ]
  ],
  "used_images": [
    "images\\frame_000.jpg",
    "images\\frame_001.jpg",
    "images\\frame_002.jpg",
    "images\\frame_003.jpg",
    "images\\frame_004.jpg",
    "images\\frame_005.jpg",
    "images\\frame_006.jpg",
    "images\\frame_007.jpg",
    "images\\frame_008.jpg",
    "images\\frame_009.jpg",
    "images\\frame_010.jpg",
    "images\\frame_011.jpg",
    "images\\frame_012.jpg",
    "images\\frame_013.jpg",
    "images\\frame_014.jpg",
    "images\\frame_015.jpg",
    "images\\frame_016.jpg",
    "images\\frame_017.jpg",
    "images\\frame_018.jpg"
  ]
}