{
  "base_marker_id": 0,
  "marker_length_mm": 180.0,
  "dictionary_name": "DICT_APRILTAG_36h11",
  "markers": {
    "0": {
      "rvec": [
        0.0,
        0.0,
        0.0
      ],
      "tvec": [
        0.0,
        0.0,
        0.0
      ],
      "observation_count": 623,
      "xyz_mm": [
        0.0,
        0.0,
        0.0
      ],
      "rpy_deg": [
        0.0,
        -0.0,
        0.0
      ]
    },
    "1": {
      "rvec": [
        -0.02010408534618758,
        -0.0016617541536764972,
        0.08972039357670891
      ],
      "tvec": [
        -708.6246940596268,
        357.8418849611665,
        -3.9681384916009463
      ],
      "observation_count": 733,
      "xyz_mm": [
        -708.6246940596268,
        357.8418849611665,
        -3.9681384916009463
      ],
      "rpy_deg": [
        -1.154603087141914,
        -0.04344024073863774,
        5.14121186015379
      ]
    },
    "2": {
      "rvec": [
        -0.022966967881496148,
        -0.010692880951159662,
        1.1531827665618648
      ],
      "tvec": [
        -384.53780026940916,
        1100.323739501752,
        -11.528766910611115
      ],
      "observation_count": 823,
      "xyz_mm": [
        -384.53780026940916,
        1100.323739501752,
        -11.528766910611115
      ],
      "rpy_deg": [
        -1.358839009849868,
        0.1927030369800182,
        66.07352672752968
      ]
    },
    "3": {
      "rvec": [
        -0.032261623688675106,
        -0.008408079639638973,
        1.329284699394513
      ],
      "tvec": [
        -1439.2131115730847,
        867.5007437478588,
        -43.69895425557288
      ],
      "observation_count": 760,
      "xyz_mm": [
        -1439.2131115730847,
        867.5007437478588,
        -43.69895425557288
      ],
      "rpy_deg": [
        -1.6259687304904122,
        0.7060798673915515,
        76.158841003744
      ]
    },
    "4": {
      "rvec": [
        -0.0452160928698621,
        -0.004654152970755248,
        1.081359368356398
      ],
      "tvec": [
        -1431.0655217101125,
        1797.303520215849,
        -75.53876892846151
      ],
      "observation_count": 624,
      "xyz_mm": [
        -1431.0655217101125,
        1797.303520215849,
        -75.53876892846151
      ],
      "rpy_deg": [
        -2.2453076054509777,
        1.051719400920014,
        61.94678033259091
      ]
    },
    "5": {
      "rvec": [
        -0.05635139063193461,
        -0.002441648873841544,
        1.299476796313597
      ],
      "tvec": [
        -2130.7831215057845,
        1138.0473749270657,
        -80.21459672662539
      ],
      "observation_count": 509,
      "xyz_mm": [
        -2130.7831215057845,
        1138.0473749270657,
        -80.21459672662539
      ],
      "rpy_deg": [
        -2.4729386098233035,
        1.714833983263766,
        74.43566361208659
      ]
    }
  }
}