{
  "base_marker_id": 0,
  "marker_length_mm": 168.0,
  "dictionary_name": "DICT_APRILTAG_36h11",
  "layout_mode": "3d",
  "markers": {
    "0": {
      "rvec": [
        0.0,
        0.0,
        0.0
      ],
      "tvec": [
        0.0,
        0.0,
        0.0
      ],
      "observation_count": 1343,
      "xyz_mm": [
        0.0,
        0.0,
        0.0
      ],
      "rpy_deg": [
        0.0,
        -0.0,
        0.0
      ]
    },
    "1": {
      "rvec": [
        -0.009085900577342067,
        0.004826979205819999,
        0.031523434890100566
      ],
      "tvec": [
        751.7918998625082,
        3.9469197383137087,
        -10.364893114843918
      ],
      "observation_count": 1218,
      "xyz_mm": [
        751.7918998625082,
        3.9469197383137087,
        -10.364893114843918
      ],
      "rpy_deg": [
        -0.5161429626858439,
        0.2847205687929158,
        1.804893257809851
      ]
    },
    "2": {
      "rvec": [
        -0.013900534928275702,
        0.0031441957251394873,
        0.028601895082012087
      ],
      "tvec": [
        792.9228293681048,
        566.3629140748757,
        -17.627483457031463
      ],
      "observation_count": 1414,
      "xyz_mm": [
        792.9228293681048,
        566.3629140748757,
        -17.627483457031463
      ],
      "rpy_deg": [
        -0.7937601794025558,
        0.19150774821441063,
        1.637469040694088
      ]
    },
    "3": {
      "rvec": [
        -0.03356973967897031,
        -0.015829103333526145,
        0.020048082069297726
      ],
      "tvec": [
        -112.67757159361877,
        537.5477583678984,
        -9.083761367685554
      ],
      "observation_count": 1985,
      "xyz_mm": [
        -112.67757159361877,
        537.5477583678984,
        -9.083761367685554
      ],
      "rpy_deg": [
        -1.9325220463785304,
        -0.8874299234715614,
        1.1637700855925415
      ]
    },
    "4": {
      "rvec": [
        -0.0097452988237446,
        0.0006252889307678382,
        0.01026086936290449
      ],
      "tvec": [
        -87.96099807459717,
        1182.0001088838346,
        5.342723701387315
      ],
      "observation_count": 1316,
      "xyz_mm": [
        -87.96099807459717,
        1182.0001088838346,
        5.342723701387315
      ],
      "rpy_deg": [
        -0.5581709745654312,
        0.03868982624260026,
        0.5877207225023271
      ]
    },
    "5": {
      "rvec": [
        -0.018863248140336006,
        -0.015299377306962285,
        3.110854981649801
      ],
      "tvec": [
        765.8650279786111,
        1170.562467020371,
        -12.935792404686058
      ],
      "observation_count": 703,
      "xyz_mm": [
        765.8650279786111,
        1170.562467020371,
        -12.935792404686058
      ],
      "rpy_deg": [
        -0.5740965712692268,
        0.6860251344586004,
        178.24080285941153
      ]
    }
  }
}