{
  "base_marker_id": 0,
  "marker_length_mm": 168.0,
  "dictionary_name": "DICT_APRILTAG_36h11",
  "markers": {
    "0": {
      "rvec": [
        0.0,
        0.0,
        0.0
      ],
      "tvec": [
        0.0,
        0.0,
        0.0
      ],
      "observation_count": 662,
      "xyz_mm": [
        0.0,
        0.0,
        0.0
      ],
      "rpy_deg": [
        0.0,
        -0.0,
        0.0
      ]
    },
    "1": {
      "rvec": [
        0.020948822176383386,
        -0.26540235704406745,
        0.12269346738385348
      ],
      "tvec": [
        651.9957546992696,
        -1.3299038424667344,
        285.3603222022497
      ],
      "observation_count": 676,
      "xyz_mm": [
        651.9957546992696,
        -1.3299038424667344,
        285.3603222022497
      ],
      "rpy_deg": [
        0.2663276047940786,
        -15.241826124982746,
        7.035968825665434
      ]
    },
    "2": {
      "rvec": [
        -0.1398503018524757,
        -0.16080956504535782,
        0.1187779055828813
      ],
      "tvec": [
        486.78241499904516,
        110.77923393516082,
        857.1108351079743
      ],
      "observation_count": 533,
      "xyz_mm": [
        486.78241499904516,
        110.77923393516082,
        857.1108351079743
      ],
      "rpy_deg": [
        -8.60868896754323,
        -8.68224351646921,
        7.486058723021073
      ]
    },
    "3": {
      "rvec": [
        0.028467410976459825,
        0.003955813082030512,
        -0.04245634429907371
      ],
      "tvec": [
        -301.35876635320597,
        59.747364959944164,
        1177.1893922774811
      ],
      "observation_count": 421,
      "xyz_mm": [
        -301.35876635320597,
        59.747364959944164,
        1177.1893922774811
      ],
      "rpy_deg": [
        1.6257727345763668,
        0.2611699080933046,
        -2.4290311764951036
      ]
    },
    "4": {
      "rvec": [
        -0.5739952638546111,
        -0.05968702848214856,
        -0.19481983637376726
      ],
      "tvec": [
        -382.6496211170754,
        311.19141533269885,
        1891.1684881355354
      ],
      "observation_count": 364,
      "xyz_mm": [
        -382.6496211170754,
        311.19141533269885,
        1891.1684881355354
      ],
      "rpy_deg": [
        -32.465651303851054,
        -6.330870979905366,
        -9.637224958798662
      ]
    },
    "5": {
      "rvec": [
        0.43369515728215546,
        1.2943879666515659,
        -0.8491500862178709
      ],
      "tvec": [
        155.92333140685017,
        459.1759317246031,
        1757.0123435618657
      ],
      "observation_count": 316,
      "xyz_mm": [
        155.92333140685017,
        459.1759317246031,
        1757.0123435618657
      ],
      "rpy_deg": [
        -34.17202893421433,
        72.23728312060139,
        -82.73183085431432
      ]
    }
  }
}