{
  "base_marker_id": 0,
  "marker_length_mm": 168.0,
  "dictionary_name": "DICT_APRILTAG_36h11",
  "markers": {
    "0": {
      "rvec": [
        0.0,
        0.0,
        0.0
      ],
      "tvec": [
        0.0,
        0.0,
        0.0
      ],
      "observation_count": 1226,
      "xyz_mm": [
        0.0,
        0.0,
        0.0
      ],
      "rpy_deg": [
        0.0,
        -0.0,
        0.0
      ]
    },
    "1": {
      "rvec": [
        0.09782518517122474,
        -0.11296835393173746,
        0.04228629786457293
      ],
      "tvec": [
        641.1152620393806,
        -6.222405501689309,
        58.05790746130208
      ],
      "observation_count": 851,
      "xyz_mm": [
        641.1152620393806,
        -6.222405501689309,
        58.05790746130208
      ],
      "rpy_deg": [
        5.490391492481504,
        -6.579340235498366,
        2.111523143616869
      ]
    },
    "2": {
      "rvec": [
        0.02932369597132585,
        0.021403562455780078,
        -0.041905394173132035
      ],
      "tvec": [
        539.9609445365862,
        457.10618358585225,
        4.281336704425939
      ],
      "observation_count": 1697,
      "xyz_mm": [
        539.9609445365862,
        457.10618358585225,
        4.281336704425939
      ],
      "rpy_deg": [
        1.6542052955184454,
        1.2610014998283734,
        -2.383060551147624
      ]
    },
    "3": {
      "rvec": [
        -0.06640038719240744,
        0.03181715159003645,
        0.007488589284639782
      ],
      "tvec": [
        -112.37137304759838,
        495.8759575732711,
        -2.5120216229945527
      ],
      "observation_count": 1154,
      "xyz_mm": [
        -112.37137304759838,
        495.8759575732711,
        -2.5120216229945527
      ],
      "rpy_deg": [
        -3.798898454025441,
        1.8358774027363738,
        0.3683686447319383
      ]
    },
    "4": {
      "rvec": [
        -0.08854165717111838,
        0.19236647687586264,
        -0.03565770186108502
      ],
      "tvec": [
        -258.60671266129503,
        1038.1594594850535,
        -116.55378498314195
      ],
      "observation_count": 1227,
      "xyz_mm": [
        -258.60671266129503,
        1038.1594594850535,
        -116.55378498314195
      ],
      "rpy_deg": [
        -5.333935919814754,
        10.9130337647553,
        -2.5605838981526485
      ]
    },
    "5": {
      "rvec": [
        0.5653107174176046,
        0.3741147524809889,
        2.1644975748741127
      ],
      "tvec": [
        457.18787629057204,
        994.6928967383172,
        -70.78835654710406
      ],
      "observation_count": 1471,
      "xyz_mm": [
        457.18787629057204,
        994.6928967383172,
        -70.78835654710406
      ],
      "rpy_deg": [
        27.780840188981053,
        -15.316879640245494,
        124.06188430571099
      ]
    }
  }
}