{
  "base_marker_id": 0,
  "marker_length_mm": 168.0,
  "dictionary_name": "DICT_APRILTAG_36h11",
  "markers": {
    "0": {
      "rvec": [
        0.0,
        0.0,
        0.0
      ],
      "tvec": [
        0.0,
        0.0,
        0.0
      ],
      "observation_count": 635,
      "xyz_mm": [
        0.0,
        0.0,
        0.0
      ],
      "rpy_deg": [
        0.0,
        -0.0,
        0.0
      ]
    },
    "1": {
      "rvec": [
        0.08821255981439678,
        -0.0857952346218222,
        -0.027240375666337965
      ],
      "tvec": [
        583.7535865728142,
        -75.54057478746331,
        -171.17469556960134
      ],
      "observation_count": 602,
      "xyz_mm": [
        583.7535865728142,
        -75.54057478746331,
        -171.17469556960134
      ],
      "rpy_deg": [
        5.1328406311003745,
        -4.839706378335435,
        -1.779787309464232
      ]
    },
    "2": {
      "rvec": [
        0.27666115443083944,
        -0.04520459397596698,
        0.0012847085685848004
      ],
      "tvec": [
        610.3117906132333,
        490.8778102814017,
        -37.90703319754851
      ],
      "observation_count": 850,
      "xyz_mm": [
        610.3117906132333,
        490.8778102814017,
        -37.90703319754851
      ],
      "rpy_deg": [
        15.86056236509323,
        -2.5672165905019444,
        -0.2835781965710299
      ]
    },
    "3": {
      "rvec": [
        0.10195999551210562,
        0.09584169670407176,
        0.05009155823698167
      ],
      "tvec": [
        -151.83575297812808,
        443.90095142983,
        139.6066781524097
      ],
      "observation_count": 738,
      "xyz_mm": [
        -151.83575297812808,
        443.90095142983,
        139.6066781524097
      ],
      "rpy_deg": [
        5.994503111011307,
        5.332780212718804,
        3.1541506157412846
      ]
    },
    "4": {
      "rvec": [
        0.3162156883158318,
        0.15292725347774216,
        0.0663496902424542
      ],
      "tvec": [
        -160.00694900641832,
        1023.9641859218367,
        306.8017080675529
      ],
      "observation_count": 525,
      "xyz_mm": [
        -160.00694900641832,
        1023.9641859218367,
        306.8017080675529
      ],
      "rpy_deg": [
        18.520333215537413,
        8.00803360647999,
        5.148845296766314
      ]
    },
    "5": {
      "rvec": [
        -0.3144374266095559,
        0.5801383730245686,
        -2.818985222289244
      ],
      "tvec": [
        555.4873336598877,
        1038.6444134736626,
        111.51665958717442
      ],
      "observation_count": 642,
      "xyz_mm": [
        555.4873336598877,
        1038.6444134736626,
        111.51665958717442
      ],
      "rpy_deg": [
        -24.59069138563598,
        -9.17358193693439,
        -163.50091975608905
      ]
    }
  }
}