{
  "saved_image": "orange_debug_det_aruco_snapshot.png",
  "delay_sec": 1.0,
  "capture_info": {
    "source": "/dev/video1",
    "backend": 200,
    "backend_name": "V4L2",
    "requested_width": 1280,
    "requested_height": 720,
    "requested_fps": 30,
    "requested_fourcc": "MJPG",
    "reported_width": 1280,
    "reported_height": 720,
    "reported_fps": 120.0,
    "reported_fourcc": "MJPG"
  },
  "visible_marker_ids": [
    4,
    3,
    2,
    5
  ],
  "used_marker_ids": [
    2,
    3,
    4,
    5
  ],
  "consistency_mm": 341.59266900271655,
  "world_pose": {
    "xyz_mm": [
      -532.0736844389464,
      492.0961721225449,
      1333.0408527925113
    ],
    "rpy_deg": [
      -71.58518007328364,
      -12.719038931067475,
      -13.433596907981881
    ]
  },
  "markers": [
    {
      "id": 2,
      "reprojection_error_px": 0.3674512207508087,
      "tvec_mm": [
        485.54611701408334,
        164.47476688425928,
        1737.4298992901304
      ],
      "rvec": [
        2.448867560150532,
        -0.4356088016385705,
        0.7122974986839564
      ]
    },
    {
      "id": 3,
      "reprojection_error_px": 0.2516375482082367,
      "tvec_mm": [
        -253.97748524120968,
        310.29759121438735,
        1231.4890448451285
      ],
      "rvec": [
        2.477648118008202,
        -0.4313646127234691,
        0.6823664189343496
      ]
    },
    {
      "id": 4,
      "reprojection_error_px": 0.38025593757629395,
      "tvec_mm": [
        -513.0783980624145,
        -212.7870276925726,
        1526.4587755781347
      ],
      "rvec": [
        2.4512854045430643,
        -0.42458260376568446,
        0.6666901805573122
      ]
    },
    {
      "id": 5,
      "reprojection_error_px": 0.09044747054576874,
      "tvec_mm": [
        214.61679585988662,
        -328.3160785676018,
        2037.0038964784198
      ],
      "rvec": [
        0.38832335994843203,
        2.481572990937537,
        -0.7300833348591138
      ]
    }
  ]
}